{"training_loss": [null, null], "validation_loss": [null, null], "test_accuracy": 0.9930290297937356, "adversarial_accuracy": 0.7402597402597403, "epoch_details": [{"epoch": 1, "train_loss": null, "val_loss": null, "test_accuracy": 0.9927425515660809, "adversarial_accuracy": 0.8311688311688312}, {"epoch": 2, "train_loss": null, "val_loss": null, "test_accuracy": 0.9930290297937356, "adversarial_accuracy": 0.7402597402597403}]}